<?xml version="1.0" encoding="UTF-8"?>
<project-private xmlns="http://www.netbeans.org/ns/project-private/1">
    <editor-bookmarks xmlns="http://www.netbeans.org/ns/editor-bookmarks/2" lastBookmarkId="0"/>
    <open-files xmlns="http://www.netbeans.org/ns/projectui-open-files/2">
        <group>
            <file>file:/C:/Users/eduar/Documents/NetBeansProjects/ProjectE/src/projecte/Raid1.java</file>
            <file>file:/C:/Users/eduar/Documents/NetBeansProjects/ProjectE/src/projecte/ProjectE.java</file>
            <file>file:/C:/Users/eduar/Documents/NetBeansProjects/ProjectE/src/projecte/Raid5.java</file>
            <file>file:/C:/Users/eduar/Documents/NetBeansProjects/ProjectE/src/projecte/Raid0.java</file>
        </group>
    </open-files>
</project-private>
